R2,RMSE,MAE
0.9878673531846388,2108.2141304099423,1518.5883742105468
