{"Mean Absolute Error": 71457.42028127988, "Mean Squared Error": 17534146749.738617, "R2 Score": 0.8840155571054671}